{"cameraMode":{"drawMode":0,"name":"Shaded","section":"Shading Mode"},"sceneLighting":true,"audioPlay":false,"sceneViewState":{"m_AlwaysRefresh":false,"showFog":true,"showSkybox":true,"showFlares":true,"showImageEffects":true,"showParticleSystems":true,"showVisualEffectGraphs":true,"m_FxEnabled":true},"in2DMode":false,"pivot":{"x":20.612886428833009,"y":6.029754638671875,"z":-30.744001388549806},"rotation":{"x":0.2947661280632019,"y":0.10011492669582367,"z":-0.030999887734651567,"w":0.949846088886261},"size":3.2979753017425539,"orthographic":false}